sentimiento,valor,porcentaje
Negativo,905,49.426542872747135
Positivo,926,50.573457127252865
