sentimiento,valor,porcentaje
Ira,256,8.385194890271864
Anticipacion,358,11.72617097936456
Asco,238,7.795610874549623
Miedo,388,12.708811005568293
Alegria,554,18.146085817228954
Tristeza,685,22.43694726498526
Sorpresa,209,6.845725515886015
Confianza,365,11.955453652145431
