sentimiento,valor,porcentaje
Negativo,917,49.621212121212125
Positivo,931,50.378787878787875
